Image Base,Completed Jobs,Avg Len (s),P90 Len (s),Max Len (s),Avg CPU (m),Max CPU (m),Avg RAM (MiB),Max RAM (MiB)
django__django-11880,11,1517.1,1689.0,2648.0,372.8,1000,1455.9,4092.0
scikit-learn__scikit-learn-13135,11,2045.0,2270.0,3155.0,435.5,3924,1353.2,4080.0
django__django-14792,9,2053.2,2695.6,2702.0,314.4,1111,1341.0,4079.0
django__django-13820,5,1807.6,2042.2,2045.0,267.7,992,1174.8,4076.0
scikit-learn__scikit-learn-13142,6,1466.3,1781.0,1994.0,300.2,2045,729.5,2696.0
scikit-learn__scikit-learn-26194,14,1536.1,1971.3,2573.0,284.3,1728,821.9,2674.0
scikit-learn__scikit-learn-10908,7,1610.1,2259.8,2300.0,313.1,3614,671.5,2674.0
scikit-learn__scikit-learn-14141,10,1323.8,1875.4,1924.0,370.8,2069,871.0,2674.0
scikit-learn__scikit-learn-14087,7,1892.7,2316.4,2434.0,263.5,4044,704.0,2655.0
scikit-learn__scikit-learn-12585,12,1273.5,2182.3,2481.0,379.1,4047,825.8,2610.0
scikit-learn__scikit-learn-10844,11,1794.5,2460.0,2478.0,252.6,1557,841.7,2605.0
scikit-learn__scikit-learn-14894,15,1570.5,2076.0,2461.0,322.2,3754,813.6,2596.0
scikit-learn__scikit-learn-25931,12,1335.1,1725.6,2004.0,321.4,4722,732.6,2563.0
scikit-learn__scikit-learn-10297,9,1549.1,2172.6,2651.0,302.7,1969,753.8,2563.0
scikit-learn__scikit-learn-15100,14,1679.0,2220.9,2331.0,303.2,2326,737.0,2548.0
scikit-learn__scikit-learn-13124,7,1566.3,2047.4,2087.0,283.9,2394,740.4,2541.0
scikit-learn__scikit-learn-14710,8,1472.4,1981.4,2743.0,330.4,3910,734.2,2535.0
scikit-learn__scikit-learn-25232,0,0.0,0.0,0.0,115.9,3792,336.7,2529.0
scikit-learn__scikit-learn-9288,6,1621.8,1998.0,2294.0,340.0,1734,832.3,2529.0
scikit-learn__scikit-learn-14983,11,2176.1,3053.0,3107.0,246.9,2782,738.3,2523.0
scikit-learn__scikit-learn-14496,12,1843.0,2225.0,2225.0,252.3,2822,661.1,2518.0
scikit-learn__scikit-learn-12682,8,1747.4,2362.1,2584.0,252.4,1722,706.2,2469.0
scikit-learn__scikit-learn-26323,5,1521.6,1994.8,2172.0,362.3,2710,743.4,2459.0
scikit-learn__scikit-learn-11578,7,1478.3,1708.8,1848.0,344.0,2823,786.2,2393.0
scikit-learn__scikit-learn-13439,12,1411.9,1945.7,2026.0,318.9,4559,774.9,2388.0
astropy__astropy-7166,9,1056.8,1476.2,1501.0,99.4,624,225.0,594.0
astropy__astropy-14096,7,1025.7,1231.6,1342.0,119.8,657,241.6,585.0
astropy__astropy-8872,8,1116.1,1195.3,1280.0,85.1,583,233.3,582.0
astropy__astropy-13579,9,1039.1,1213.4,1431.0,99.3,611,230.6,575.0
astropy__astropy-14309,10,1363.3,1519.4,1829.0,83.6,646,219.2,573.0
astropy__astropy-13977,7,1189.9,1375.0,1378.0,93.6,505,225.9,572.0
astropy__astropy-13033,14,1143.3,1574.6,1708.0,101.1,724,221.2,566.0
astropy__astropy-13236,10,1111.5,1519.6,1579.0,95.6,598,222.8,564.0
astropy__astropy-12907,14,1168.5,1352.3,1460.0,89.3,848,224.4,563.0
astropy__astropy-14182,10,1422.2,1644.8,1679.0,75.3,586,210.0,554.0
astropy__astropy-14598,4,1466.8,1705.1,1823.0,81.2,668,214.9,552.0
astropy__astropy-14508,13,1144.7,1476.6,1516.0,97.9,692,231.3,545.0
astropy__astropy-13453,12,1348.8,1618.8,1877.0,88.5,633,215.4,542.0
astropy__astropy-14539,11,1314.5,1599.0,1694.0,78.0,755,214.7,541.0
django__django-14765,11,584.6,793.0,998.0,77.6,616,219.6,447.0
django__django-10097,10,985.5,1137.5,1313.0,40.2,666,235.6,443.0
django__django-10914,8,905.1,1032.5,1162.0,40.4,437,235.2,410.0
matplotlib__matplotlib-23299,0,0.0,0.0,0.0,14.8,772,119.5,402.0
matplotlib__matplotlib-14623,9,1123.9,1231.4,1413.0,50.8,658,203.1,395.0
matplotlib__matplotlib-24627,9,1523.8,1778.0,1842.0,37.8,613,185.6,394.0
matplotlib__matplotlib-24149,8,1239.0,1388.4,1408.0,50.2,538,192.7,389.0
matplotlib__matplotlib-24637,5,1408.6,1527.6,1558.0,40.5,416,204.7,389.0
matplotlib__matplotlib-26466,12,1012.3,1312.9,1403.0,66.6,1315,186.4,384.0
django__django-13128,16,972.5,1170.0,1253.0,45.0,663,216.9,379.0
matplotlib__matplotlib-23476,8,1180.5,1400.3,1401.0,55.7,789,182.8,377.0
django__django-13410,5,632.4,763.2,766.0,71.5,471,223.1,376.0
django__django-14011,15,1121.8,1294.0,1479.0,45.7,926,214.8,374.0
django__django-16485,16,669.2,796.0,901.0,69.1,884,211.2,374.0
django__django-11163,10,768.5,921.4,970.0,59.9,710,215.9,373.0
django__django-11276,11,1148.7,1439.0,1540.0,40.0,783,205.6,373.0
matplotlib__matplotlib-25960,11,1457.4,1642.0,1678.0,41.6,936,168.8,373.0
django__django-11400,13,1371.1,1519.2,1679.0,33.9,942,187.9,372.0
matplotlib__matplotlib-20826,9,1306.6,1438.6,1561.0,47.9,809,177.8,372.0
django__django-13807,11,1161.6,1484.0,1869.0,44.9,895,195.3,372.0
django__django-15103,13,921.1,1152.6,1168.0,48.5,693,208.4,371.0
django__django-16100,13,1449.9,1635.0,1765.0,32.1,845,207.9,371.0
django__django-11179,13,770.5,974.2,1072.0,55.9,612,212.0,370.0
matplotlib__matplotlib-20488,10,1295.1,1480.4,1574.0,45.9,701,192.0,370.0
django__django-16595,13,886.2,1090.4,1171.0,48.0,971,203.7,370.0
django__django-15569,9,669.9,840.6,875.0,62.9,454,210.5,370.0
django__django-15268,9,802.3,911.4,937.0,46.4,561,221.4,370.0
matplotlib__matplotlib-23412,6,1176.8,1408.0,1424.0,46.3,835,191.3,369.0
django__django-17084,10,1011.5,1256.3,1304.0,42.4,586,183.3,369.0
django__django-11477,9,872.0,1144.8,1300.0,51.7,1000,211.0,369.0
django__django-15554,5,1260.4,1402.0,1424.0,48.3,797,191.5,369.0
django__django-13297,12,1140.9,1323.3,1410.0,39.5,636,202.5,369.0
django__django-11433,7,955.9,1172.4,1254.0,51.9,1184,216.5,369.0
django__django-16145,11,970.8,1224.0,1231.0,45.3,986,216.2,368.0
django__django-12125,4,1201.2,1365.2,1430.0,52.2,932,193.4,368.0
django__django-16493,13,813.5,986.2,998.0,50.6,601,214.5,368.0
django__django-12663,12,1283.0,1505.4,1571.0,39.8,938,185.6,368.0
django__django-14580,10,907.2,1065.2,1094.0,47.6,736,204.2,368.0
django__django-11451,12,631.2,723.7,835.0,68.9,830,214.0,367.0
django__django-14631,11,1079.5,1223.0,1377.0,41.9,969,210.7,367.0
django__django-13569,0,0.0,0.0,0.0,8.7,1208,126.7,367.0
django__django-15128,5,985.6,1034.6,1049.0,29.3,367,211.6,367.0
django__django-11265,14,1333.5,1563.7,1666.0,37.4,952,189.2,366.0
django__django-9296,9,625.8,732.4,846.0,74.0,811,211.5,366.0
django__django-15973,11,835.4,1033.0,1048.0,47.0,704,202.8,365.0
django__django-11095,5,752.6,831.0,851.0,54.1,634,220.6,365.0
django__django-11211,14,1027.9,1240.0,1342.0,40.0,759,198.7,364.0
django__django-15916,10,900.4,1141.3,1234.0,49.4,1095,201.7,364.0
django__django-15863,9,845.4,1033.8,1253.0,52.6,1269,208.7,364.0
django__django-14311,9,869.0,1175.6,1266.0,52.6,654,205.7,364.0
django__django-12050,13,727.2,951.8,1004.0,60.5,351,222.0,364.0
matplotlib__matplotlib-26208,6,1259.5,1401.5,1478.0,46.7,811,196.3,364.0
matplotlib__matplotlib-20676,10,1589.1,1922.4,2007.0,39.2,769,194.5,363.0
matplotlib__matplotlib-22865,9,1032.1,1302.4,1404.0,47.9,600,197.3,363.0
matplotlib__matplotlib-24570,9,1211.6,1360.6,1427.0,48.6,575,190.8,363.0
django__django-11333,11,767.4,1023.0,1026.0,57.3,1024,210.2,362.0
django__django-14351,12,1333.8,1534.8,1623.0,31.0,886,192.0,362.0
django__django-12754,18,1795.6,2101.7,2330.0,29.2,832,175.3,362.0
django__django-11299,11,1155.9,1346.0,1351.0,37.1,830,197.6,362.0
django__django-15278,14,874.1,1047.8,1171.0,43.6,1200,216.3,362.0
django__django-11555,8,1245.0,1421.7,1463.0,30.1,547,196.3,362.0
django__django-12193,13,1099.2,1237.6,1315.0,44.3,656,213.3,362.0
django__django-16877,13,871.3,1038.4,1124.0,48.4,719,222.7,362.0
django__django-13741,12,1060.3,1215.9,1352.0,42.2,591,213.5,361.0
django__django-16527,12,824.0,1071.9,1284.0,58.3,901,202.7,361.0
django__django-15930,8,1509.4,1780.8,1855.0,32.3,759,195.8,361.0
django__django-15252,0,0.0,0.0,0.0,9.3,411,121.4,361.0
django__django-11239,14,780.0,1020.8,1087.0,59.9,1217,206.8,361.0
django__django-16139,12,940.6,1106.8,1146.0,44.1,686,222.0,361.0
django__django-12858,6,1377.3,1523.0,1566.0,32.1,723,210.3,361.0
django__django-15503,10,1496.3,1749.1,1813.0,30.7,702,175.2,360.0
django__django-11532,17,748.9,974.4,1071.0,58.1,723,206.7,360.0
django__django-13344,0,0.0,0.0,0.0,6.2,758,101.7,360.0
django__django-15629,10,1136.2,1317.9,1380.0,39.9,999,196.8,360.0
django__django-12209,16,921.2,1117.5,1172.0,45.3,1008,210.1,360.0
django__django-16256,11,1275.1,1443.0,1521.0,35.3,892,189.7,360.0
django__django-14155,8,874.4,1034.6,1085.0,37.2,596,216.1,360.0
django__django-10999,10,601.9,787.9,868.0,68.2,649,211.6,360.0
matplotlib__matplotlib-24870,0,0.0,0.0,0.0,15.3,677,133.3,360.0
django__django-11490,14,817.1,1001.2,1235.0,54.8,837,204.8,359.0
django__django-14238,9,916.6,1142.2,1231.0,39.5,1782,231.1,359.0
django__django-14373,12,686.2,727.8,1046.0,61.4,760,212.5,358.0
django__django-15380,9,762.8,940.4,1006.0,57.4,706,202.1,358.0
django__django-13512,12,1702.9,1975.4,2185.0,25.9,683,200.0,358.0
django__django-12965,12,1094.7,1216.4,1223.0,38.4,718,197.8,358.0
django__django-13837,17,1482.2,1666.2,1921.0,32.9,908,190.6,358.0
django__django-15037,13,918.1,1115.0,1135.0,43.2,711,199.4,358.0
django__django-12308,7,964.6,1129.8,1167.0,47.4,635,205.0,358.0
django__django-13033,15,1134.5,1332.2,1398.0,29.2,668,200.5,357.0
django__django-13279,14,776.3,1028.1,1051.0,58.8,918,205.6,357.0
django__django-11141,13,771.8,909.0,1153.0,55.0,951,194.9,357.0
django__django-12262,9,1007.3,1206.2,1295.0,49.2,632,191.1,357.0
django__django-11964,0,0.0,0.0,0.0,8.6,708,128.8,356.0
django__django-15499,10,938.3,1122.7,1219.0,50.1,782,216.5,356.0
django__django-11087,8,968.0,1293.1,1305.0,52.4,1355,209.3,356.0
django__django-16429,16,838.1,1071.5,1194.0,50.3,811,209.5,355.0
django__django-13023,15,819.4,965.8,1031.0,43.8,577,219.3,355.0
django__django-14376,8,1089.2,1265.3,1294.0,41.5,699,191.0,355.0
django__django-13363,8,1012.0,1235.5,1330.0,39.7,833,205.8,355.0
django__django-11292,4,1319.2,1444.9,1480.0,32.2,919,215.7,355.0
django__django-16819,0,0.0,0.0,0.0,8.7,614,117.0,355.0
django__django-15375,10,986.6,1110.2,1427.0,43.7,604,208.5,355.0
django__django-12276,11,860.5,1018.0,1071.0,55.2,764,205.8,355.0
django__django-12273,9,1210.1,1391.2,1472.0,32.8,623,191.0,355.0
django__django-11790,4,816.2,1032.4,1093.0,60.7,760,202.4,355.0
django__django-15563,9,1564.6,2055.6,2122.0,30.5,805,180.0,354.0
matplotlib__matplotlib-26291,11,1162.4,1372.0,1418.0,48.3,680,186.3,354.0
django__django-14559,12,743.2,926.2,941.0,58.4,681,208.6,354.0
django__django-16032,14,1198.5,1348.7,1598.0,38.6,686,182.2,354.0
django__django-13513,8,835.2,941.8,953.0,48.4,499,207.0,354.0
django__django-16082,7,901.4,1223.0,1235.0,59.1,1659,196.0,354.0
django__django-16901,8,1035.5,1229.8,1283.0,46.8,861,204.1,354.0
django__django-13933,9,920.4,1080.2,1265.0,48.6,533,213.9,354.0
django__django-13401,9,759.4,903.8,927.0,61.3,463,201.8,354.0
matplotlib__matplotlib-20859,9,1140.8,1340.4,1510.0,45.5,921,199.7,354.0
django__django-16661,9,676.9,857.0,1109.0,61.3,607,215.9,353.0
matplotlib__matplotlib-22719,0,0.0,0.0,0.0,11.7,736,103.6,353.0
django__django-14771,16,854.1,1001.0,1252.0,49.2,570,213.2,353.0
django__django-16333,8,802.6,952.7,1057.0,61.6,674,208.3,353.0
django__django-13670,13,609.2,824.0,842.0,82.4,1043,195.2,353.0
django__django-15741,14,919.1,1168.1,1259.0,46.2,839,207.5,352.0
django__django-16255,13,731.6,899.0,1115.0,61.5,853,214.1,351.0
django__django-16801,10,870.2,1100.2,1129.0,53.6,579,206.3,351.0
django__django-10554,9,1481.6,1890.6,1901.0,32.3,786,180.4,351.0
django__django-11603,9,835.1,955.2,972.0,38.5,781,195.9,351.0
matplotlib__matplotlib-21568,6,1119.3,1287.0,1304.0,42.0,639,188.6,351.0
django__django-10973,11,818.4,971.0,1174.0,56.4,587,210.3,351.0
django__django-16569,15,561.0,710.4,910.0,64.8,666,208.6,350.0
django__django-14315,16,907.7,1103.5,1166.0,48.0,754,199.2,350.0
matplotlib__matplotlib-22871,8,1005.1,1094.0,1164.0,64.4,727,207.5,350.0
django__django-11149,20,936.1,1121.1,1352.0,49.2,1098,206.8,350.0
django__django-13109,9,884.6,1141.0,1253.0,45.8,1217,205.1,350.0
django__django-15561,11,952.3,1122.0,1295.0,49.5,732,216.2,350.0
django__django-16612,9,866.2,1081.0,1197.0,43.9,1458,217.4,349.0
matplotlib__matplotlib-23314,13,1184.9,1459.8,1529.0,49.4,537,179.5,349.0
django__django-13112,12,1097.9,1329.7,1340.0,37.7,622,197.6,349.0
django__django-17087,8,990.6,1142.6,1200.0,43.9,810,219.4,349.0
django__django-14404,9,752.3,959.8,1003.0,55.4,752,200.2,349.0
django__django-13012,10,1130.8,1363.4,1448.0,43.0,755,194.9,349.0
django__django-12419,9,821.0,1014.0,1182.0,45.7,793,214.9,349.0
django__django-14534,12,960.1,1141.8,1243.0,43.3,1116,199.5,348.0
django__django-14672,9,710.3,877.0,1041.0,55.0,561,208.4,348.0
django__django-12741,10,832.3,1111.1,1193.0,43.4,806,210.8,348.0
matplotlib__matplotlib-25332,9,1331.0,1556.4,1602.0,39.8,649,183.3,348.0
django__django-13028,8,1018.1,1157.2,1160.0,45.5,725,204.6,347.0
django__django-14170,13,1050.5,1236.8,1358.0,41.2,705,203.7,346.0
django__django-15731,9,755.7,949.8,1041.0,63.6,1108,198.1,346.0
django__django-15104,12,524.8,659.3,742.0,86.6,724,213.2,346.0
django__django-15161,7,1106.1,1290.6,1401.0,38.9,651,196.4,345.0
django__django-15525,10,996.9,1122.5,1262.0,45.3,742,199.4,345.0
django__django-13810,10,826.4,1058.6,1127.0,53.3,1057,205.2,345.0
django__django-16631,13,859.4,1145.0,1235.0,46.6,568,202.1,345.0
django__django-14500,5,989.2,1222.2,1365.0,41.0,472,221.8,344.0
django__django-16315,9,1158.2,1405.2,1474.0,35.2,511,204.2,344.0
django__django-15098,9,1548.9,1773.2,2022.0,36.3,813,192.4,344.0
django__django-14017,4,797.8,859.2,879.0,68.6,406,210.8,344.0
django__django-14349,14,765.9,953.8,1108.0,58.7,776,203.9,343.0
django__django-16667,10,855.2,1004.0,1058.0,58.6,896,194.2,343.0
django__django-11734,9,1441.6,1709.0,1825.0,37.1,514,189.4,343.0
django__django-13089,5,1046.2,1145.4,1149.0,47.0,652,215.3,343.0
django__django-7530,9,951.6,1172.4,1190.0,48.4,1108,210.5,342.0
django__django-15957,8,1210.9,1453.5,1492.0,30.3,588,199.1,342.0
django__django-15280,10,1190.8,1321.5,1434.0,35.9,729,187.9,342.0
django__django-11885,6,1742.3,2003.0,2211.0,30.2,808,194.2,342.0
django__django-14053,0,0.0,0.0,0.0,11.4,744,136.2,342.0
django__django-16938,8,918.9,1145.9,1162.0,42.3,867,199.9,342.0
django__django-11749,9,921.6,1095.8,1331.0,48.2,683,205.8,342.0
django__django-15127,13,704.2,898.2,969.0,54.7,660,216.3,341.0
django__django-14007,6,936.8,1097.0,1179.0,48.5,688,197.3,341.0
django__django-16662,13,779.8,931.6,1134.0,58.4,586,205.4,341.0
django__django-13658,12,680.1,828.3,987.0,63.1,553,210.1,341.0
django__django-13821,9,986.8,1177.0,1177.0,50.2,987,210.3,341.0
django__django-12039,13,695.9,899.4,967.0,61.3,704,208.8,340.0
django__django-15695,6,832.7,973.5,1050.0,51.4,530,202.1,340.0
django__django-11206,8,893.0,1169.3,1177.0,51.9,1104,194.0,339.0
matplotlib__matplotlib-26342,10,1135.2,1315.2,1407.0,53.4,898,186.4,339.0
django__django-13343,12,772.4,899.6,920.0,54.6,668,216.3,339.0
django__django-16560,5,1529.8,1764.8,1838.0,30.5,754,187.2,339.0
django__django-13809,9,855.4,1009.2,1022.0,53.0,724,204.8,339.0
django__django-14999,6,1136.3,1277.5,1313.0,33.8,869,217.3,338.0
django__django-12155,7,736.3,900.6,918.0,67.1,698,209.5,337.0
matplotlib__matplotlib-25122,13,866.8,1193.4,1233.0,64.9,893,182.8,337.0
django__django-13417,11,1265.0,1527.0,1556.0,40.8,688,185.0,337.0
django__django-15467,6,794.0,937.0,1072.0,53.0,552,207.7,337.0
matplotlib__matplotlib-24970,3,975.3,1148.6,1185.0,65.9,811,180.0,335.0
django__django-15851,19,756.6,929.0,982.0,47.7,734,209.0,335.0
django__django-15987,4,1131.2,1367.3,1475.0,40.2,766,209.6,333.0
matplotlib__matplotlib-25287,5,988.4,1083.6,1124.0,53.1,582,192.3,333.0
django__django-12774,6,859.7,1010.0,1026.0,34.6,1131,180.7,331.0
django__django-17029,12,656.3,775.8,803.0,58.4,773,216.1,331.0
django__django-15814,8,1196.9,1397.1,1430.0,35.2,531,213.5,331.0
django__django-14855,0,0.0,0.0,0.0,8.5,823,122.1,329.0
django__django-11066,8,781.0,901.6,987.0,54.2,448,222.7,329.0
django__django-13406,6,1418.2,1584.5,1592.0,34.4,713,172.7,328.0
django__django-11951,9,771.0,966.8,974.0,59.7,623,197.3,327.0
django__django-11999,7,672.3,740.4,762.0,53.8,663,230.5,326.0
django__django-13121,6,899.2,1055.5,1148.0,51.6,936,198.6,325.0
django__django-15572,0,0.0,0.0,0.0,12.3,342,99.2,324.0
matplotlib__matplotlib-25479,3,994.3,1163.8,1213.0,52.5,516,190.7,318.0
sympy__sympy-18763,9,917.8,1176.0,1228.0,42.2,731,139.5,273.0
sympy__sympy-22714,10,1016.8,1172.6,1250.0,40.2,676,135.3,271.0
sympy__sympy-13852,11,944.8,1156.0,1398.0,48.5,984,139.2,271.0
sympy__sympy-20590,17,696.2,867.6,1112.0,58.5,978,147.6,270.0
sympy__sympy-16792,11,966.0,1143.0,1390.0,53.9,521,147.0,269.0
sympy__sympy-20916,8,875.5,998.8,1115.0,49.5,658,143.8,268.0
sympy__sympy-17139,9,956.3,1091.6,1246.0,40.1,598,146.0,268.0
sympy__sympy-13551,8,960.0,1082.1,1101.0,36.0,648,143.7,267.0
sympy__sympy-24661,11,995.0,1149.0,1181.0,43.3,1276,146.6,266.0
sympy__sympy-13615,10,742.8,861.8,932.0,56.8,722,153.7,266.0
sympy__sympy-12419,0,0.0,0.0,0.0,10.3,661,81.9,265.0
sympy__sympy-13974,9,952.4,1216.0,1264.0,32.6,669,143.1,264.0
sympy__sympy-23262,8,884.0,1131.6,1147.0,40.5,698,157.9,264.0
sympy__sympy-11618,14,1032.9,1284.2,1297.0,48.5,847,137.8,263.0
sympy__sympy-17318,13,893.5,1174.6,1371.0,41.0,590,143.0,263.0
sympy__sympy-19495,7,833.1,991.8,1203.0,58.0,646,145.8,263.0
sympy__sympy-23413,8,955.6,1153.7,1223.0,56.7,1082,148.7,262.0
sympy__sympy-14976,10,771.6,905.8,1120.0,54.1,1207,144.4,261.0
sympy__sympy-15976,0,0.0,0.0,0.0,8.3,659,79.8,261.0
sympy__sympy-22080,14,1370.5,1519.4,1590.0,26.1,695,120.1,260.0
sympy__sympy-13091,5,1842.8,2154.2,2225.0,27.3,637,118.0,260.0
sympy__sympy-15017,9,989.4,1207.6,1322.0,41.8,875,137.8,259.0
sympy__sympy-15349,13,602.2,746.4,824.0,59.7,705,150.1,259.0
sympy__sympy-21847,15,807.5,998.8,1042.0,52.3,944,146.7,259.0
sympy__sympy-24443,14,815.6,1071.5,1116.0,44.5,769,144.6,259.0
sympy__sympy-16886,12,703.6,970.9,986.0,63.6,958,138.0,258.0
sympy__sympy-14248,5,2090.4,2337.2,2378.0,22.6,753,113.8,258.0
sympy__sympy-16450,10,1232.7,1439.6,1508.0,32.5,921,132.1,258.0
sympy__sympy-19783,8,1030.9,1149.5,1188.0,33.8,444,141.4,258.0
sympy__sympy-12489,11,1676.8,1962.0,2006.0,25.6,785,117.8,257.0
sympy__sympy-15345,8,787.5,911.8,993.0,52.0,809,148.4,257.0
sympy__sympy-24066,11,751.5,998.0,1059.0,60.7,2140,140.3,257.0
sympy__sympy-20154,0,0.0,0.0,0.0,7.9,433,75.5,254.0
sympy__sympy-24539,8,725.6,840.3,883.0,51.8,612,141.2,254.0
sympy__sympy-17655,5,1211.2,1451.4,1497.0,33.9,404,131.9,254.0
sympy__sympy-15599,7,865.3,1018.6,1027.0,43.5,711,138.9,253.0
sympy__sympy-12481,12,927.6,1089.4,1095.0,41.6,778,137.4,252.0
sympy__sympy-21379,4,870.5,1104.5,1154.0,25.3,288,141.9,252.0
sympy__sympy-13878,9,1156.0,1424.6,1539.0,38.2,958,128.1,251.0
sympy__sympy-16597,10,2013.5,2245.3,2257.0,26.5,1330,110.3,251.0
sympy__sympy-13757,12,818.1,1036.8,1102.0,46.0,839,139.2,250.0
sympy__sympy-14711,8,975.1,1137.0,1277.0,36.5,512,131.5,249.0
sympy__sympy-14531,13,1086.0,1360.0,1444.0,36.2,864,132.4,248.0
sympy__sympy-15809,8,704.6,893.2,966.0,58.5,738,141.3,247.0
sympy__sympy-13798,4,614.2,645.4,652.0,85.6,511,148.5,245.0
sympy__sympy-22914,10,872.0,1084.4,1124.0,47.5,689,149.1,243.0
sympy__sympy-24213,7,744.0,936.0,1026.0,57.5,843,144.2,241.0
mwaskom__seaborn-3187,9,1233.1,1412.6,1487.0,21.8,227,75.6,224.0
mwaskom__seaborn-3069,3,1374.7,1466.6,1499.0,18.4,255,75.5,217.0
pydata__xarray-7229,10,1508.0,1900.6,1942.0,24.0,730,70.4,195.0
pydata__xarray-6938,11,1074.4,1198.0,1274.0,31.4,514,81.8,194.0
pydata__xarray-6744,9,1084.2,1351.6,1458.0,29.9,603,84.3,194.0
pydata__xarray-3677,14,899.2,1034.3,1270.0,33.2,383,86.6,193.0
pydata__xarray-4695,10,1097.0,1304.0,1601.0,25.7,454,78.7,193.0
pydata__xarray-3095,8,697.4,793.2,824.0,47.5,1087,85.2,193.0
pydata__xarray-4356,6,1351.7,1506.5,1541.0,22.8,360,82.3,193.0
pydata__xarray-6599,13,1038.0,1230.4,1333.0,29.6,673,79.4,192.0
pydata__xarray-4094,9,942.3,1217.2,1262.0,34.9,565,84.5,192.0
pydata__xarray-3993,10,761.5,872.8,889.0,38.6,525,101.2,191.0
pydata__xarray-3305,11,1131.5,1315.0,1365.0,28.0,471,81.0,191.0
pydata__xarray-4966,13,830.3,1013.6,1083.0,38.9,521,94.1,191.0
pydata__xarray-6992,13,850.2,1036.4,1170.0,36.6,400,84.2,191.0
pydata__xarray-4075,9,811.2,966.0,1066.0,40.5,473,98.0,190.0
pydata__xarray-3151,11,693.5,906.0,987.0,43.8,412,100.9,190.0
pydata__xarray-6721,0,0.0,0.0,0.0,7.5,379,44.0,190.0
pydata__xarray-7393,17,929.6,1170.6,1262.0,32.9,1176,79.5,190.0
pydata__xarray-4629,9,872.6,1208.8,1400.0,42.4,419,83.2,189.0
pydata__xarray-7233,7,968.4,1093.4,1148.0,33.5,468,84.3,188.0
sphinx-doc__sphinx-7454,6,1142.5,1279.0,1302.0,41.0,1359,102.1,185.0
sphinx-doc__sphinx-8265,9,1218.9,1420.0,1444.0,36.6,1402,97.1,183.0
sphinx-doc__sphinx-10323,0,0.0,0.0,0.0,7.4,1051,52.4,178.0
sphinx-doc__sphinx-10673,10,1134.4,1295.3,1352.0,35.7,509,102.7,178.0
sphinx-doc__sphinx-9367,12,663.3,963.0,1039.0,42.3,885,94.4,174.0
sphinx-doc__sphinx-10435,12,883.2,1019.4,1167.0,27.7,561,86.9,174.0
sphinx-doc__sphinx-7889,16,1291.7,1501.0,1595.0,22.3,1188,75.9,174.0
sphinx-doc__sphinx-7748,10,1325.7,1582.0,1672.0,22.5,530,87.0,174.0
sphinx-doc__sphinx-7910,7,770.6,877.0,931.0,36.6,611,94.9,173.0
sphinx-doc__sphinx-9258,15,909.9,1094.6,1171.0,30.6,582,83.0,173.0
sphinx-doc__sphinx-8269,9,657.8,790.8,1018.0,65.3,1384,92.8,171.0
sphinx-doc__sphinx-8459,13,1082.5,1332.8,1380.0,22.6,508,83.9,171.0
sphinx-doc__sphinx-9602,9,1208.4,1447.8,1499.0,21.8,711,81.1,170.0
sphinx-doc__sphinx-8551,9,875.6,1176.4,1306.0,33.2,1618,82.7,170.0
sphinx-doc__sphinx-9591,0,0.0,0.0,0.0,8.1,528,53.1,170.0
sphinx-doc__sphinx-7440,12,864.9,1014.3,1096.0,31.6,630,84.2,168.0
sphinx-doc__sphinx-7757,5,621.0,680.8,686.0,30.7,499,86.8,167.0
sphinx-doc__sphinx-7985,10,849.9,1015.5,1056.0,28.5,559,83.4,166.0
sphinx-doc__sphinx-9281,12,1111.0,1249.6,1299.0,26.7,627,82.0,166.0
sphinx-doc__sphinx-7590,10,951.7,1209.9,1335.0,28.8,1430,79.5,165.0
sphinx-doc__sphinx-9229,4,3264.2,3329.1,3330.0,10.3,402,75.9,165.0
sphinx-doc__sphinx-9461,0,0.0,0.0,0.0,6.1,598,50.0,165.0
sphinx-doc__sphinx-8548,10,1323.3,1471.3,1519.0,19.9,845,77.7,164.0
sphinx-doc__sphinx-11445,6,875.8,1010.5,1029.0,38.9,477,82.7,164.0
sphinx-doc__sphinx-7462,14,795.4,953.5,1052.0,33.5,785,89.2,163.0
sphinx-doc__sphinx-8638,17,1093.8,1253.2,1470.0,24.7,1079,75.5,163.0
pylint-dev__pylint-8898,10,1181.8,1501.1,1592.0,18.6,308,77.0,163.0
pylint-dev__pylint-4551,9,1284.0,1586.6,1617.0,19.7,290,64.3,161.0
sphinx-doc__sphinx-9230,4,762.0,859.6,880.0,16.8,511,87.0,160.0
pylint-dev__pylint-4604,11,983.5,1101.0,1183.0,18.1,363,61.5,160.0
sphinx-doc__sphinx-8621,9,556.7,641.8,649.0,43.9,600,87.5,160.0
pytest-dev__pytest-5631,7,779.3,893.2,916.0,28.5,326,80.4,160.0
sphinx-doc__sphinx-8056,9,1187.8,1315.2,1404.0,23.0,476,78.2,159.0
pytest-dev__pytest-10356,9,893.8,1062.0,1090.0,26.4,323,62.6,152.0
pytest-dev__pytest-5787,4,868.2,975.4,994.0,22.5,370,64.6,151.0
pylint-dev__pylint-6528,5,1304.8,1419.0,1419.0,11.0,267,61.8,150.0
pylint-dev__pylint-6386,10,902.6,1008.5,1013.0,16.3,399,68.4,150.0
pylint-dev__pylint-7080,10,1596.8,1715.8,1723.0,16.8,302,62.4,150.0
pylint-dev__pylint-6903,5,828.6,1032.4,1126.0,27.5,739,70.5,149.0
pylint-dev__pylint-7277,14,643.4,826.7,848.0,24.9,282,70.8,148.0
pytest-dev__pytest-7205,11,751.4,903.0,1096.0,25.5,523,65.2,148.0
pytest-dev__pytest-5840,12,805.8,1060.3,1079.0,35.0,502,78.5,148.0
pytest-dev__pytest-7324,12,683.5,829.6,867.0,31.5,346,63.1,148.0
pylint-dev__pylint-4970,10,955.4,1117.2,1137.0,14.8,235,63.7,148.0
pytest-dev__pytest-8399,14,803.2,1024.6,1042.0,29.8,668,68.8,148.0
pytest-dev__pytest-10051,10,745.5,1054.8,1062.0,29.6,347,65.2,148.0
pytest-dev__pytest-6197,11,1572.3,1717.0,1962.0,15.4,372,51.8,147.0
pylint-dev__pylint-4661,15,661.8,832.6,1020.0,24.7,576,72.1,147.0
pytest-dev__pytest-7521,12,650.4,769.0,984.0,30.6,482,72.3,146.0
pytest-dev__pytest-10081,15,937.5,1107.6,1319.0,21.1,483,60.5,146.0
pytest-dev__pytest-5262,15,865.8,1054.2,1218.0,22.5,271,66.0,146.0
pytest-dev__pytest-7236,8,810.1,985.0,1027.0,22.9,527,64.4,145.0
pytest-dev__pytest-7490,6,643.8,835.5,910.0,31.5,293,77.1,144.0
pytest-dev__pytest-7432,7,461.0,562.0,613.0,40.7,583,67.7,142.0
psf__requests-6028,8,810.8,907.3,943.0,15.8,286,34.0,128.0
psf__requests-2317,12,530.3,665.1,841.0,27.6,487,44.8,118.0
psf__requests-1766,11,807.0,956.0,1074.0,24.0,531,43.7,117.0
psf__requests-2931,15,721.4,884.2,1004.0,18.7,254,40.3,117.0
psf__requests-1724,7,779.3,919.0,988.0,19.6,254,36.5,116.0
psf__requests-1921,12,607.6,753.5,817.0,21.8,466,36.8,115.0
psf__requests-1142,5,658.6,876.6,909.0,21.3,213,39.1,115.0
psf__requests-5414,12,629.1,902.2,925.0,19.8,266,38.6,114.0
pallets__flask-5014,10,689.6,822.9,858.0,17.9,449,36.8,105.0
